Model Name,Price,Rating,Offers
"Apple iPhone XR (Black, 64 GB)","₹46,999","
4.6
11,353 Ratings & 955 Reviews","

₹46,999

₹52,500

10% off



No Cost EMI

Upto 
₹14,000
 Off on Exchange"
"Apple iPhone XR ((PRODUCT)RED, 64 GB)","₹46,999","
4.6
11,353 Ratings & 955 Reviews","

₹46,999

₹52,500

10% off



No Cost EMI

Upto 
₹14,000
 Off on Exchange"
"Apple iPhone XR (Blue, 64 GB)","₹46,999","
4.6
11,353 Ratings & 955 Reviews","

₹46,999

₹52,500

10% off



No Cost EMI

Upto 
₹14,000
 Off on Exchange"
"Apple iPhone XR (White, 128 GB)","₹52,999","
4.6
11,353 Ratings & 955 Reviews","

₹52,999

₹57,800

8% off



No Cost EMI

Upto 
₹14,000
 Off on Exchange"
"Apple iPhone XR ((PRODUCT)RED, 128 GB)","₹52,999","
4.6
11,353 Ratings & 955 Reviews","

₹52,999

₹57,800

8% off



No Cost EMI

Upto 
₹14,000
 Off on Exchange"
"Apple iPhone XR (Yellow, 64 GB)","₹46,999","
4.6
11,353 Ratings & 955 Reviews","

₹46,999

₹52,500

10% off



No Cost EMI

Upto 
₹14,000
 Off on Exchange"
"Apple iPhone XR (Black, 128 GB)","₹52,999","
4.6
11,353 Ratings & 955 Reviews","

₹52,999

₹57,800

8% off



No Cost EMI

Upto 
₹14,000
 Off on Exchange"
"Apple iPhone XR (Coral, 64 GB)","₹46,999","
4.6
11,353 Ratings & 955 Reviews","

₹46,999

₹52,500

10% off



Upto 
₹14,000
 Off on Exchange"
"Apple iPhone XR (Blue, 128 GB)","₹52,999","
4.6
11,353 Ratings & 955 Reviews","

₹52,999

₹57,800

8% off



No Cost EMI

Upto 
₹14,000
 Off on Exchange"
"Apple iPhone XR (Coral, 128 GB)","₹52,999","
4.6
11,353 Ratings & 955 Reviews","

₹52,999

₹57,800

8% off



No Cost EMI

Upto 
₹14,000
 Off on Exchange"
"Apple iPhone XR (Yellow, 128 GB)","₹52,999","
4.6
11,353 Ratings & 955 Reviews","

₹52,999

₹57,800

8% off



No Cost EMI

Upto 
₹14,000
 Off on Exchange"
"Apple iPhone XR (White, 64 GB)","₹46,999","
4.6
11,353 Ratings & 955 Reviews","

₹46,999

₹52,500

10% off



No Cost EMI

Upto 
₹14,000
 Off on Exchange"
"Apple iPhone XR (Yellow, 256 GB)","₹91,900","
4.6
11,353 Ratings & 955 Reviews","

₹91,900



No Cost EMI

Upto 
₹14,000
 Off on Exchange"
"Apple iPhone XR (Blue, 256 GB)","₹91,900","
4.6
11,353 Ratings & 955 Reviews","

₹91,900



No Cost EMI

Upto 
₹14,000
 Off on Exchange"
"Apple iPhone XR (White, 256 GB)","₹91,900","
4.6
11,353 Ratings & 955 Reviews","

₹91,900



No Cost EMI

Upto 
₹14,000
 Off on Exchange"
"Apple iPhone XR (Black, 256 GB)","₹91,900","
4.6
11,353 Ratings & 955 Reviews","

₹91,900



No Cost EMI

Upto 
₹14,000
 Off on Exchange"
"Apple iPhone XR (Coral, 256 GB)","₹91,900","
4.6
11,353 Ratings & 955 Reviews","

₹91,900



No Cost EMI

Upto 
₹14,000
 Off on Exchange"
"Apple iPhone XR ((PRODUCT)RED, 256 GB)","₹91,900","
4.6
11,353 Ratings & 955 Reviews","

₹91,900



No Cost EMI

Upto 
₹14,000
 Off on Exchange"
